{
    "ar": 5.164426545053334,
    "bn": 1.488075813075813,
    "en": 3.8207039950378805,
    "fi": 3.392709268286932,
    "id": 6.299293931846644,
    "ko": 1.2107488232371377,
    "ru": 2.46639161639027,
    "sw": 1.6118900996403556,
    "te": 1.0304695304695306
}