{
    "ar": 4.496650933488094,
    "bn": 1.3781717799109103,
    "en": 3.8988296549948704,
    "fi": 3.250777126405941,
    "id": 5.87572187223081,
    "ko": 1.0352602577447778,
    "ru": 3.0715771175954574,
    "sw": 3.137645928838341,
    "te": 0.766737442348561
}