{
    "en2am": 0.010390717405142597
    "en2de": 5.486331620396987
    "en2el": 0.0640837249317908
    "en2fr": 6.789810311176406
    "en2hy": 0.008600695409665179
    "en2ja": 0.011679747984409206
    "en2kk": 0.05469777761369107
    "en2ko": 0.167334471053485
    "en2pl": 5.517168022256926
    "en2ru": 0.04302511450542018
    "en2sn": 6.251735699466854
    "en2ta": 0.0
    "en2te": 0.08110081257917233
    "en2vi": 3.770819191109791
}