{
    "en2am": 0.0,
    "en2de": 0.1764870850135871,
    "en2el": 0.0011909866133104662,
    "en2fr": 0.2936197185535133,
    "en2hy": 0.0,
    "en2ja": 0.004391049285137176,
    "en2kk": 1.655824534963677,
    "en2ko": 0.0,
    "en2mt": 0.08882550167642497,
    "en2pl": 0.08713561470215463,
    "en2ru": 0.9736959762676565,
    "en2sn": 0.12483649710246993,
    "en2ta": 0.0,
    "en2te": 0.0,
    "en2vi": 0.0028248108789116566
}