{
    "en2am": 0.37145427815031695,
    "en2de": 14.642211869879967,
    "en2el": 0.8998469625968751,
    "en2fr": 9.78583708238238,
    "en2hy": 0.2821567712645336,
    "en2ja": 0.4364865990354781,
    "en2kk": 0.9219897440133089,
    "en2ko": 1.9067140106968834,
    "en2mt": 10.04946697860789,
    "en2pl": 6.872056486926814,
    "en2ru": 0.736304279930494,
    "en2sn": 10.460648606507423,
    "en2ta": 0.35237561012298746,
    "en2te": 1.3576081627368604,
    "en2vi": 6.1825715184793495
}