{
    "en2am": 0.02949930796741936,
    "en2de": 0.5770846383999619,
    "en2el": 0.109377970253975,
    "en2fr": 7.121383970405345,
    "en2hy": 0.08670019074041964,
    "en2ja": 0.20562311792803808,
    "en2kk": 9.452942186883497,
    "en2ko": 0.19791577933362584,
    "en2mt": 0.12778878022969808,
    "en2pl": 0.17112051770224684,
    "en2ru": 14.271770599583123,
    "en2sn": 0.10042776730399222,
    "en2ta": 0.08755984927722768,
    "en2te": 0.12125326380576056,
    "en2vi": 4.701603523514498
}