{
    "en2am": 0.0,
    "en2de": 0.5338228542576289,
    "en2el": 0.007781253404298364,
    "en2fr": 0.33845634519682705,
    "en2hy": 0.0,
    "en2ja": 0.0,
    "en2kk": 0.007346804433943413,
    "en2ko": 0.7529603904499026,
    "en2mt": 0.26399361482822664,
    "en2pl": 0.2918538010899188,
    "en2ru": 0.007183412638208858,
    "en2sn": 0.30098409669247317,
    "en2ta": 0.0050808361023890105,
    "en2te": 0.011848060472500652,
    "en2vi": 0.31741863002503723
}