{
    "en2am": 2.916396629941672,
    "en2de": 1.7761288285443637,
    "en2el": 2.1886002474069843,
    "en2fr": 2.186588921282799,
    "en2hy": 2.0615014602302013,
    "en2ja": 4.158004158004158,
    "en2kk": 1.9924010749698824,
    "en2ko": 4.881808838643371,
    "en2pl": 2.3200224971878516,
    "en2ru": 2.0553224287060035,
    "en2sn": 1.167286787772671,
    "en2ta": 0.5546516787457477,
    "en2te": 0.6554920872740893,
    "en2vi": 2.950215119852489
}