{
    "en2am": 2.1828676620985776,
    "en2de": 7.325920795787163,
    "en2el": 12.889791575917906,
    "en2fr": 12.996163286243123,
    "en2hy": 13.670738394203246,
    "en2ja": 2.8458547118498774,
    "en2kk": 7.1236693857841304,
    "en2ko": 2.0214575093196263,
    "en2pl": 6.559818361771136,
    "en2ru": 10.28170329216295,
    "en2sn": 9.135057655635835,
    "en2ta": 9.619341461688482,
    "en2te": 6.854066401251275,
    "en2vi": 10.51286337743893
}