{
    "en2am": 5.393919581562601,
    "en2de": 2.5781863019840827,
    "en2el": 3.1972789115646263,
    "en2fr": 2.680573155278292,
    "en2hy": 2.3224308109154244,
    "en2ja": 5.038387715930902,
    "en2kk": 2.4910207391959216,
    "en2ko": 5.409219190968956,
    "en2pl": 2.7773369306459297,
    "en2ru": 2.861317423596737,
    "en2sn": 1.8612987729215495,
    "en2ta": 2.249304760346802,
    "en2te": 1.8166987987542638,
    "en2vi": 3.861308116627265
}