{
    "en2am": 3.382802269751201,
    "en2de": 2.0990764063811924,
    "en2el": 2.866043613707165,
    "en2fr": 3.036929057337221,
    "en2hy": 2.596685082872928,
    "en2ja": 5.973715651135006,
    "en2kk": 4.046242774566474,
    "en2ko": 5.98372426998564,
    "en2pl": 2.415907823824568,
    "en2ru": 3.4407027818448017,
    "en2sn": 1.0954467517622404,
    "en2ta": 2.3364485981308416,
    "en2te": 2.5146258852509495,
    "en2vi": 2.9886811649497647
}