{
    "en2am": 1.847293737455416
    "en2de": 10.455846548215028
    "en2el": 12.492480702878039
    "en2fr": 16.305378628937305
    "en2hy": 13.578115929849261
    "en2ja": 2.46837882169616
    "en2kk": 8.339161719742558
    "en2ko": 1.1142323997108388
    "en2pl": 9.566157284775754
    "en2ru": 11.446165641382946
    "en2sn": 5.272381923352158
    "en2ta": 7.610748457671715
    "en2te": 5.384622597548945
    "en2vi": 8.981051677100293
}