{
    "en2am": 1.5925700492295172,
    "en2de": 24.125861800174732,
    "en2el": 12.749499799915764,
    "en2fr": 28.785797251982014,
    "en2hy": 13.949913933943831,
    "en2ja": 3.083049196807668,
    "en2kk": 10.242731256040221,
    "en2ko": 2.7681454023562315,
    "en2mt": 13.650764194951126,
    "en2pl": 19.92630033163024,
    "en2ru": 16.143311879065315,
    "en2sn": 10.550208360916297,
    "en2ta": 8.970915734426608,
    "en2te": 4.859584151549812,
    "en2vi": 15.732225023548436
}