{
    "ar": 5.160509287667413,
    "bn": 1.3683022774327123,
    "en": 2.7057266880470023,
    "fi": 2.722526925695181,
    "id": 4.7502601884365285,
    "ko": 0.5956302151954326,
    "ru": 3.7218163200550487,
    "sw": 1.8699953134561853,
    "te": 1.2367216117216118
}