{
    "en2am": 4.03146124924148,
    "en2de": 5.346814996209858,
    "en2el": 1.0416666666666665,
    "en2fr": 2.3410716339974313,
    "en2hy": 0.8790767790917176,
    "en2ja": 0.6510416666666666,
    "en2kk": 1.3067660811228279,
    "en2ko": 1.842785151370672,
    "en2mt": 3.0360134003350083,
    "en2pl": 1.776485788113695,
    "en2ru": 0.44722719141323797,
    "en2sn": 3.2560032560032566,
    "en2ta": 0.5133470225872688,
    "en2te": 1.9866352930553806,
    "en2vi": 2.709139364582268
}