{
    "en2am": 0.0,
    "en2de": 0.1628460930269226,
    "en2el": 0.0005924830490599665,
    "en2fr": 0.3042387580937846,
    "en2hy": 0.0,
    "en2ja": 0.002178734678048377,
    "en2kk": 1.6775615011519098,
    "en2ko": 0.005827969498913613,
    "en2mt": 0.08560050615951469,
    "en2pl": 0.08673729009575798,
    "en2ru": 1.01615270639719,
    "en2sn": 0.14352200608379642,
    "en2ta": 0.0,
    "en2te": 0.0,
    "en2vi": 0.006980919750138921
}