{
    "en2am": 2.6751270710988475,
    "en2de": 20.23250126167976,
    "en2el": 14.9339626621015,
    "en2fr": 25.809257865113604,
    "en2hy": 13.216983182672347,
    "en2ja": 2.6477261526923224,
    "en2kk": 10.38023088765059,
    "en2ko": 2.744053923177954,
    "en2mt": 12.40009972145145,
    "en2pl": 17.002980550760093,
    "en2ru": 15.155239841373927,
    "en2sn": 13.275435705446961,
    "en2ta": 8.537452681884439,
    "en2te": 4.200525823494515,
    "en2vi": 15.469553628586869
}