{
    "en2am": 0.18785222291797118,
    "en2de": 1.778121376111326,
    "en2el": 0.6471444750040445,
    "en2fr": 1.8119589289309443,
    "en2hy": 0.1616553507921112,
    "en2ja": 0.09373828271466066,
    "en2kk": 0.8281573498964804,
    "en2ko": 0.8584919158677923,
    "en2pl": 1.7498250174982501,
    "en2ru": 0.46851574212893554,
    "en2sn": 2.0075842070042387,
    "en2ta": 0.0,
    "en2te": 1.0205028295760274,
    "en2vi": 3.1274433150899137
}