{
    "en2am": 1.2394513666022868
    "en2de": 7.918990912672773
    "en2el": 7.707399518906572
    "en2fr": 9.9959354387487
    "en2hy": 3.2579648564800054
    "en2ja": 1.1541126401170585
    "en2kk": 2.673434887680127
    "en2ko": 1.009568820016515
    "en2pl": 5.567649046678339
    "en2ru": 6.84199882756073
    "en2sn": 7.779167664324907
    "en2ta": 7.181422585995041
    "en2te": 0.10549964073024821
    "en2vi": 6.920828464858328
}