{
    "en2id": 0.4887585532746823,
    "en2zh": 1.1415525114155252
}