{
    "en2am": 1.4293262504359618,
    "en2de": 18.640314409109067,
    "en2el": 12.472944979477663,
    "en2fr": 20.630066063023342,
    "en2hy": 11.718747744538488,
    "en2ja": 2.425071794552787,
    "en2kk": 8.147412322120577,
    "en2ko": 1.8036785199747871,
    "en2mt": 13.896054599852967,
    "en2pl": 14.452845224985019,
    "en2ru": 12.47140551813644,
    "en2sn": 11.922604572469824,
    "en2ta": 7.111899757751554,
    "en2te": 3.2987522296005856,
    "en2vi": 12.74601027017599
}