{
    "en2am": 2.6024723487312946,
    "en2de": 1.7249137543122846,
    "en2el": 2.4301964839710446,
    "en2fr": 1.8243332891070714,
    "en2hy": 2.8405728488578523,
    "en2ja": 4.890544946436888,
    "en2kk": 2.353842785198161,
    "en2ko": 7.242339832869081,
    "en2pl": 1.7603862790463738,
    "en2ru": 2.3400936037441493,
    "en2sn": 1.2773204655123473,
    "en2ta": 2.012946005683612,
    "en2te": 3.0009799118079368,
    "en2vi": 3.3765159867695704
}