{
    "en2am": 3.302414515133102,
    "en2de": 11.139819301183266,
    "en2el": 3.8053257020273463,
    "en2fr": 13.564556550143475,
    "en2hy": 1.6107755497923875,
    "en2ja": 1.8136194980071272,
    "en2kk": 2.498424032265815,
    "en2ko": 6.14035376136945,
    "en2mt": 14.447970857393264,
    "en2pl": 13.435873445806342,
    "en2ru": 1.8255558151473168,
    "en2sn": 10.815141021780589,
    "en2ta": 0.41736227045075125,
    "en2te": 5.00775844932753,
    "en2vi": 11.004314820314493
}