{
    "en2am": 1.5361349116152712
    "en2de": 17.487491302759498
    "en2el": 11.504496583849527
    "en2fr": 18.192040055532132
    "en2hy": 9.892274683611344
    "en2ja": 2.772950856190029
    "en2kk": 8.408270512416527
    "en2ko": 1.131880600890237
    "en2pl": 14.75946573384173
    "en2ru": 12.202134985485179
    "en2sn": 14.023943891770541
    "en2ta": 8.195968283367582
    "en2te": 5.384112988232286
    "en2vi": 8.648363756895831
}