{
    "en2am": 2.757352941176471,
    "en2de": 25.610233553675393,
    "en2el": 20.803482065164573,
    "en2fr": 26.5806125040362,
    "en2hy": 29.07257506191563,
    "en2ja": 3.058352633492231,
    "en2kk": 20.024824343197622,
    "en2ko": 13.769812150610763,
    "en2mt": 14.007828557349947,
    "en2pl": 24.658813950291368,
    "en2ru": 19.534482729607948,
    "en2sn": 10.817884577947163,
    "en2ta": 2.9132109251289338,
    "en2te": 7.034719008878213,
    "en2vi": 18.04486587711586
}