{
    "en2am": 0.006240794827629248,
    "en2de": 9.389240522671226,
    "en2el": 12.80953157789595,
    "en2fr": 12.678635591623472,
    "en2hy": 11.336946427289618,
    "en2ja": 1.4903708306476213,
    "en2kk": 6.5857072581750815,
    "en2ko": 1.0519175526723137,
    "en2mt": 4.857677597599939,
    "en2pl": 7.342924557001293,
    "en2ru": 10.266693136895464,
    "en2sn": 5.772351227046284,
    "en2ta": 2.5360932502935047,
    "en2te": 0.06415233387260325,
    "en2vi": 8.887011510357864
}