{
    "en2am": 1.2729200121263475,
    "en2de": 22.46699819571645,
    "en2el": 13.72512872535776,
    "en2fr": 25.542254405525522,
    "en2hy": 11.387828927446533,
    "en2ja": 2.9597774154423795,
    "en2kk": 9.233159133954484,
    "en2ko": 2.078750647748902,
    "en2mt": 17.543231442889358,
    "en2pl": 17.332573276358694,
    "en2ru": 14.547394408636013,
    "en2sn": 15.68257331309817,
    "en2ta": 6.132937956534104,
    "en2te": 5.084932699715154,
    "en2vi": 14.449145028442018
}