{
    "en2am": 0.45949366995087676,
    "en2de": 21.91455660716049,
    "en2el": 12.989544675234765,
    "en2fr": 25.715458487978776,
    "en2hy": 14.425118504029225,
    "en2ja": 4.486225773374676,
    "en2kk": 9.151538706122937,
    "en2ko": 2.75378774675706,
    "en2mt": 16.653008424544243,
    "en2pl": 18.632879370202176,
    "en2ru": 15.536992593209279,
    "en2sn": 5.452611560811834,
    "en2ta": 7.738253747599841,
    "en2te": 6.775287836906528,
    "en2vi": 13.663688579879635
}